company_name,email
ACERO Groupe Immobilier,jjohnson@aceroimmobilier.com
APCHQ Centre-du-Québec,apchqcdq@cgocable.ca
Abrafab Inc.,abrafab@abrafab.com
Alimentation Dynamic,info@tgvd.ca
Annabel Canada,annabel@annabel.ca
Annexair Inc.,info@annexair.com
Association des Propriétaires du Québec,info@apq.org
Atelier d'Usinage Houde & Maheux,info@houdeetmaheux.com
Audi Gabriel,contact@audigabriel.com
Autobus Girardin (Blue Bird),autobus@girardin.com
Axé-iD Design,infoaf@axe-id.com
BGIS,jaouad.grofti@bgis.com
BOMA Quebec,admin@bfrmaison.com
CAPREIT,operations@capreit.net
CVTech-IBC,info@cvtech-ibc.com
Camions BL — Victoriaville,info@camionsbl.ca
Carbonleo RoyalMount,contact@royalmount.com
Cascades Cabano,cabano@cascades.com
Centre Agricole Nicolet-Yamaska (Case IH),cany@centreagricole.ca
Citadelle, coopérative de producteurs de sirop d'érable,citadelle@citadelle.coop
Cogir Immobilier,info@cogir.net
Cominar REIT,info@cominar.com
ConstrucTom,info@constructom.ca
Construction Audet,info@constructionaudet.ca
Construction Brouillette,info@constructionbrouillette.com
Construction CRD,info@constructioncrd.com
Construction Comoc,info@constructioncomoc.com
Construction Thibodeau,info@constructionthibodeau.com
Construction Voyer Inc.,lgirouard@voyer.ca
Constructions Grantham,info@constructionsgrantham.ca
Cordon Bleu Foods,info@cordonbleu.ca
Cosentino City Centre Montreal,montreal@cosentino.com
CrossFit Quebec City,lyz@crossfitquebeccity.ca
CrossFit Sainte-Foy,info@crossfitsaintefoy.com
Cuisi Boutique Drummondville,info@cuisiboutique.com
Devimco Immobilier,info@eoliaappartements.com
District Griffin,info@districtgriffin.com
Drummondville Ford,glapointe@drummondvilleford.com
Excellence Peterbilt (Drummondville),alain.pinard@excellence-peterbilt.com
GJPL,info@gjpl.ca
Gabriel BMW MINI,info@gabrielbmwmoto.ca
Garage Montplaisir Ltée (GMC/Chevrolet/Buick),info@montplaisir.ca
Gestion Fauvel,info@gestionfauvel.com
Gestion GSF,info@gestiongsf.com
Groupe Dallaire,sac@groupedallaire.ca
Groupe MONTONI,info@groupemontoni.com
Groupe Quorum,info@quorumcanada.com
Groupe Robitaille,info@grouperobitaille.com
Groupe Rémabec / Arbec Bois d'œuvre,info@remabec.com
Habitations G. Lemaire,sandy@habitationsglemaire.com
Hana Korean Steakhouse,info@hanakoreansteakhouse.com
Hectare Immobilier,jsgenereux@hectare-immobilier.ca
Huppé Meubles Inc.,info@huppe.net
Immotion Gestion,info@immotion.ca
Invesco Habitation,alexandre@invescohabitation.ca
Ivanhoe Cambridge,media@ivanhoecambridge.com
JG Lessard & Fils,info@jglessard.com
Kubota Drummondville,sales@kubotadrummondville.ca
La Barberie,dirventes@labarberie.com
Laroche Construction,info@laroche-construction.ca
Le Bock Ale,info@lebockale.com
Lobeva Microbrasserie,info@lobeva.com
Marquis Inc,marquisinc@hotmail.ca
Maxiforme,maxiforme@maxiforme.com
Menuiserie Authentique,info@menuiserie-authentique.com
Minto Group,privacy@minto.com
Montpak International,info@montpak.ca
O-Volt Québec,info.quebec@o-volt.ca
Olymel Trois-Rivières,media@olymel.com
Parc Techno Quebec,info@parctechno.com
Pomerleau,communications@pomerleau.ca
Procam Construction,reception@procamconstruction.com
Prével Griffintown (GBI Construction),info@gbi.ca
Prével,info@prevel.ca
Rio Tinto Alcan - Usine Grande-Baie,rta.gb.communication@riotinto.com
Ristorante Beatrice,info@ristorantebeatrice.com
Roccabella,info@roccabella.ca
Rosefellow RF Industriel,info@rosefellow.com
SOPREMA,rh@soprema.ca
STADD CrossFit (2 locations),info@staddcrossfit.ca
Saison Restaurant,info@saisonsaison.com
Samcon,info@samcon.ca
Septima Construction,septimaconstruction@outlook.com
Soucy Group (International / Belgen / Rivalair / Plastiques),info.usinage@soucy-group.com
Soudure de Beauce Inc.,eric.bougie@souduredebeauce.ca
TerrainDev Construction,vente@terraindev.com
Trudel Alliance,info@trudelalliance.com
Usimax Inc.,usimax@usimax.com
YUL Condos,info@yulcentreville.com
Éconofitness,info@econofitness.ca
