company_name,permits_count,source,needs_email
DIVCO LIMITÉE,59,permits-qc-2024-2026,YES
BEL-HABITAT INC.,43,permits-qc-2024-2026,YES
EXCAVATION BIBEAU,38,permits-qc-2024-2026,YES
SYSTÈME INTÉRIEUR SÉLECTION 2000,34,permits-qc-2024-2026,YES
GROUPE PARAMOUNT INC.,29,permits-qc-2024-2026,YES
AQUARINO,29,permits-qc-2024-2026,YES
NEXUS CONSTRUCTION,25,permits-qc-2024-2026,YES
DÉVELOPPEMENT TOD INC.,22,permits-qc-2024-2026,YES
EPA CONSTRUCTION,21,permits-qc-2024-2026,YES
PAVAGE&AMÉNAGEMENT PAYSAGER ANTONIO BORSELLINO INC,21,permits-qc-2024-2026,YES
LES ENTREPRISES GENIAM,20,permits-qc-2024-2026,YES
EXCAVATION CHANTHIER,17,permits-qc-2024-2026,YES
GROUPE MONTONI (1995) DIVISION CONSTRUCTION INC.,17,permits-qc-2024-2026,YES
PAVAGE DESJARDINS,16,permits-qc-2024-2026,YES
GROUPE A1 INC.,14,permits-qc-2024-2026,YES
4061004 CANADA INC.,13,permits-qc-2024-2026,YES
LES EXCAVATIONS LAMPRON,13,permits-qc-2024-2026,YES
PAVAGE RAYAN INC.,13,permits-qc-2024-2026,YES
GROUPE GEYSER,13,permits-qc-2024-2026,YES
LAVALLÉ ET FRÈRE LTÉE,13,permits-qc-2024-2026,YES
LES ENTREPRISES PEP INC.,12,permits-qc-2024-2026,YES
INTERNATIONAL NEON,12,permits-qc-2024-2026,YES
GAETAN VANIER EXCAVATION INC.,11,permits-qc-2024-2026,YES
EXCAVATION CHANTIER,11,permits-qc-2024-2026,YES
PRODAGE CONSTRUCTION INC.,11,permits-qc-2024-2026,YES
CONSTRUCTION SÉLECTION SRJ INC.,11,permits-qc-2024-2026,YES
9376-4116 QUEBEC INC,11,permits-qc-2024-2026,YES
CONSTRUGEP INC.,11,permits-qc-2024-2026,YES
E. KHOURY CONSTRUCTION,11,permits-qc-2024-2026,YES
EXCAVATION ALBE 2000,10,permits-qc-2024-2026,YES
SR EXCAVATION INC.,10,permits-qc-2024-2026,YES
9403-1952 QUÉBEC INC.,10,permits-qc-2024-2026,YES
URBANICO CONSTRUCTION & DÉVELOPPEMENT LTÉE,10,permits-qc-2024-2026,YES
LES ENTREPRISES MARTIN BANVILLE INC.,10,permits-qc-2024-2026,YES
PAVAGE DAUDELIN,10,permits-qc-2024-2026,YES
LAVAL ASPHALTE,10,permits-qc-2024-2026,YES
DUVERNAY ASPHALTE ET TRANSPORT INC,9,permits-qc-2024-2026,YES
PAVÉ ET PAYSAGISTE BOISBRIAND INC.,9,permits-qc-2024-2026,YES
GAÉTAN VANIER EXCAVATION INC.,9,permits-qc-2024-2026,YES
ALAIN RIOUX SIMA,9,permits-qc-2024-2026,YES
LES EXCAVATIONS OUELLET & GAIGNARD LTÉE,9,permits-qc-2024-2026,YES
1001 VISUELS (9119-5081 QC INC.),9,permits-qc-2024-2026,YES
CONSTRUCTION NEXUS,9,permits-qc-2024-2026,YES
ENTREPRISES DUQUETTE,9,permits-qc-2024-2026,YES
DÉVELOPPEMENTS MICHEL ROY INC.,9,permits-qc-2024-2026,YES
LES ENTREPRISES GENIAM (7558589 CANADA INC.),9,permits-qc-2024-2026,YES
FB CONCEPT INC.,8,permits-qc-2024-2026,YES
SLON INC.,8,permits-qc-2024-2026,YES
EBL SERVICE D'ÉCLAIRAGE,8,permits-qc-2024-2026,YES
GOUPE PARAMOUNT,8,permits-qc-2024-2026,YES
PAVAGE CABRU INC.,8,permits-qc-2024-2026,YES
PRO SURFACE INC,8,permits-qc-2024-2026,YES
MEDIALUX INC.,8,permits-qc-2024-2026,YES
CONSTRUCTION EXCERA,8,permits-qc-2024-2026,YES
GROUPE DELSOL,8,permits-qc-2024-2026,YES
CONSTRUCTION EVOLUDEV,8,permits-qc-2024-2026,YES
CONSTRUCTION GROUPE CHEBL INC,7,permits-qc-2024-2026,YES
SP INTERNATIONAL,7,permits-qc-2024-2026,YES
CONSTRUCTION T.G. BECO LIMITÉE,7,permits-qc-2024-2026,YES
LES ENTREPRISES A.M. JOLY INC.,7,permits-qc-2024-2026,YES
LES ENTREPRISES CD,7,permits-qc-2024-2026,YES
LUMIPRO INC.,6,permits-qc-2024-2026,YES
CONSTRUCTION OLIVIER CLOUTIER,6,permits-qc-2024-2026,YES
LUMIPRO,6,permits-qc-2024-2026,YES
COMMUNICATIONS TREMBLAY-MÉNARD INC.,6,permits-qc-2024-2026,YES
ART PAVÉ,6,permits-qc-2024-2026,YES
SERVICES PRIME,6,permits-qc-2024-2026,YES
EXCAVATION MASTROMATTEO,6,permits-qc-2024-2026,YES
DÉVELOPPEMENTS TDR INC.,6,permits-qc-2024-2026,YES
LES ENTREPRENEURS BUCARO INC.,6,permits-qc-2024-2026,YES
PAVAGES G. LA ROCCA INC.,6,permits-qc-2024-2026,YES
CONSTRUCTION DEKKO INC.,6,permits-qc-2024-2026,YES
CONSTRUCTION VINCENT & DUSSAULT '97 INC.,6,permits-qc-2024-2026,YES
DJC CONSTRUCTION,6,permits-qc-2024-2026,YES
BETONIA CONSTRUCTION,6,permits-qc-2024-2026,YES
LES ENTREPRISES GÉNIAM INC.,6,permits-qc-2024-2026,YES
CONSTRUCTION GAMARCO INC.,6,permits-qc-2024-2026,YES
MARMOTT ÉNERGIES,6,permits-qc-2024-2026,YES
BELLERIVE EXCAVATION INC.,5,permits-qc-2024-2026,YES
BRAGO CONSTRUCTION INC.,5,permits-qc-2024-2026,YES
LES ENTREPRISES QMD INC,5,permits-qc-2024-2026,YES
LES INSTALLATIONS BERNIER,5,permits-qc-2024-2026,YES
SM CONSTRUCTION COMMERCIALE ET INST. PÉTROLIÈRE,5,permits-qc-2024-2026,YES
LUMI VERT,5,permits-qc-2024-2026,YES
QUADRAX ET ASSOCIÉS,5,permits-qc-2024-2026,YES
CONSTRUCTION MONCO,5,permits-qc-2024-2026,YES
ROMIKA CONSTRUCTION,5,permits-qc-2024-2026,YES
GROUPE A1,5,permits-qc-2024-2026,YES
CDL IMAGE,5,permits-qc-2024-2026,YES
PAVAGE ET AMÉNAGEMENT PAYSAGER ANTONIO BORSELLINO,5,permits-qc-2024-2026,YES
6650821 CANADA INC.,5,permits-qc-2024-2026,YES
9413-7080 QUÉBEC INC.,5,permits-qc-2024-2026,YES
LINEA VERDE,5,permits-qc-2024-2026,YES
FENÊTRES PRO-VISION INC.,4,permits-qc-2024-2026,YES
FONDA STRUCTURE RIVE-NORD INC.,4,permits-qc-2024-2026,YES
CONSTRUCTION MB2 INC.,4,permits-qc-2024-2026,YES
MC MEL,4,permits-qc-2024-2026,YES
GROUPE PTE,4,permits-qc-2024-2026,YES
AQUA INNOVATION,4,permits-qc-2024-2026,YES
G. LAVOIE ET FILS,4,permits-qc-2024-2026,YES
EXCAVATIONS DENIS DAGENAIS INC.,4,permits-qc-2024-2026,YES
GROUPE LALONDE INC,4,permits-qc-2024-2026,YES
POMERLEAU INC.,4,permits-qc-2024-2026,YES
VAL-MAR,4,permits-qc-2024-2026,YES
9140-8732 QUÉBEC INC.,4,permits-qc-2024-2026,YES
EXCAVATION LAMPRON,4,permits-qc-2024-2026,YES
MEDIA MODUL,4,permits-qc-2024-2026,YES
AMÉNAGEMENT GENEX,4,permits-qc-2024-2026,YES
METROPOLE LANDSCAPE,4,permits-qc-2024-2026,YES
WOLFF AFFICHAGE INC.,4,permits-qc-2024-2026,YES
CONSTRUCTION LCE INC.,4,permits-qc-2024-2026,YES
CONSTRUCTION RÉNOVATION TECK-HOME INC,4,permits-qc-2024-2026,YES
PANZINI DÉMOLITION,4,permits-qc-2024-2026,YES
MGB ASSOCIÉS,4,permits-qc-2024-2026,YES
GROUPE D'ETTORE,4,permits-qc-2024-2026,YES
GILCO CONSTRUCTION INC.,4,permits-qc-2024-2026,YES
LUC BRODEUR PAYSAGISTE,4,permits-qc-2024-2026,YES
LE GROUPE VENISE,4,permits-qc-2024-2026,YES
LUCIO STORTO ASPHALTE INC.,4,permits-qc-2024-2026,YES
MAÇONNERIE DANIEL GAGNON,4,permits-qc-2024-2026,YES
PAVAGE BORSELLINO,4,permits-qc-2024-2026,YES
GROUPE NORTHSTONE INC.,4,permits-qc-2024-2026,YES
EXCELLENT PAVAGE,4,permits-qc-2024-2026,YES
9109-0939 QUÉBEC INC.,4,permits-qc-2024-2026,YES
CIMENTIERS DYNAMIQUES,4,permits-qc-2024-2026,YES
BCM 2.0 INC,4,permits-qc-2024-2026,YES
EBL SERVICE D'ÉCLAIRAGE 2011,4,permits-qc-2024-2026,YES
TR MÉTROPOLE INC,4,permits-qc-2024-2026,YES
PAVAGE CHARTRAND,4,permits-qc-2024-2026,YES
GUIMOND CONSTRUCTION EJP INC.,4,permits-qc-2024-2026,YES
CONSTRUCTION MARIO RAINVILLE,4,permits-qc-2024-2026,YES
EXCAVATION PELOQUIN,4,permits-qc-2024-2026,YES
DARCO CONSTRUCTION (3092-2975 QUÉBEC INC.),4,permits-qc-2024-2026,YES
BIOSOL ENVIRONNEMENT,4,permits-qc-2024-2026,YES
ENTREPRISE GSB CONSTRUCTION,4,permits-qc-2024-2026,YES
MICHEL LAVOIE INC,4,permits-qc-2024-2026,YES
LES ENTREPRISES QMD INC.,4,permits-qc-2024-2026,YES
GESTION IMMOBILIÈRE EXCELLENCE,4,permits-qc-2024-2026,YES
GESTION NORGE INC.,4,permits-qc-2024-2026,YES
"GEBO CONVEYORS, CONSULTANTS & SYSTEMS INC.",3,permits-qc-2024-2026,YES
9422-0969 QUEBEC INC,3,permits-qc-2024-2026,YES
RENOLOCAL INC. 1172325897,3,permits-qc-2024-2026,YES
1165020380,3,permits-qc-2024-2026,YES
CONSTRUCTION ROOTS,3,permits-qc-2024-2026,YES
A1 SERVICES INC.,3,permits-qc-2024-2026,YES
BASSINS.CA,3,permits-qc-2024-2026,YES
BCM CONSTRUCTION,3,permits-qc-2024-2026,YES
EXCAVATION MADOPAL,3,permits-qc-2024-2026,YES
CONSTRUCTION VERGO 2011 INC.,3,permits-qc-2024-2026,YES
CONSTRUCTION YVES LACHANCE,3,permits-qc-2024-2026,YES
KARINE HILTON (LUPIEN),3,permits-qc-2024-2026,YES
AMÉNAGEMENT SOLEIL PLUS,3,permits-qc-2024-2026,YES
COSOLTEC INC.,3,permits-qc-2024-2026,YES
CONSTRUCTION ET RÉNOVATION SOLITECH INC.,3,permits-qc-2024-2026,YES
AMÉNAGEMENT MIKASA,3,permits-qc-2024-2026,YES
CRÉATION DEZIGN PLUS INC.,3,permits-qc-2024-2026,YES
PAVAGE IDÉAL S.R.G.,3,permits-qc-2024-2026,YES
CONSTRUCTION VERTDURE,3,permits-qc-2024-2026,YES
CHARTRANDINC INC.,3,permits-qc-2024-2026,YES
9180-3817 QUÉBEC INC. (LES ENTREPRISES INTL.),3,permits-qc-2024-2026,YES
F.B. CONCEPT INC.,3,permits-qc-2024-2026,YES
ON DÉMOLI INC.,3,permits-qc-2024-2026,YES
GAUDET LUCAS,3,permits-qc-2024-2026,YES
MAÎTRE PISCINIER MIRABEL,3,permits-qc-2024-2026,YES
LES ENTREPRISES BRIDEAU INC.,3,permits-qc-2024-2026,YES
AMÉNAGEMENT ML EXCAVATION,3,permits-qc-2024-2026,YES
9187-4032 QUÉBEC INC.,3,permits-qc-2024-2026,YES
TERRA PATIO,3,permits-qc-2024-2026,YES
LES ENTREPRISES DGRAPHX INC.,3,permits-qc-2024-2026,YES
LE VALLON PAYSAGISTES INC.,3,permits-qc-2024-2026,YES
BOMA CONSTRUCTION INC.,3,permits-qc-2024-2026,YES
AMÉNAGEMENT FRAKAR,3,permits-qc-2024-2026,YES
FORTIS CONSTRUCTION INC.,3,permits-qc-2024-2026,YES
9222-1746 QUÉBEC INC.,3,permits-qc-2024-2026,YES
LES CONSTRUCTIONS LALONDE & BELISLE INC.,3,permits-qc-2024-2026,YES
VILLE DE LAVAL,3,permits-qc-2024-2026,YES
CONSTRUCTION OUELLETTE,3,permits-qc-2024-2026,YES
L'ATELIER DE L'AFFICHAGE,3,permits-qc-2024-2026,YES
CONSTRUCTION GAUDREAU ET FILS,3,permits-qc-2024-2026,YES
EXCAVATION D. LALONDE,3,permits-qc-2024-2026,YES
VALDITECH,3,permits-qc-2024-2026,YES
CONSTRUCTION BENCHEK,3,permits-qc-2024-2026,YES
GROUPE TERREX INC.,3,permits-qc-2024-2026,YES
CONSTRUCTION TIMMY INC,3,permits-qc-2024-2026,YES
AQUA FIBRE INNOVATION,3,permits-qc-2024-2026,YES
ARCADIS CANADA INC,3,permits-qc-2024-2026,YES
PGP CONSTRUCTION,3,permits-qc-2024-2026,YES
PAYSAGEMENT DUGUAY,3,permits-qc-2024-2026,YES
CRM DESJARDINS,3,permits-qc-2024-2026,YES
PRO PAVÉ INC.,3,permits-qc-2024-2026,YES
NEXUS CONSTRUCTION INC.,3,permits-qc-2024-2026,YES
LES HABITATIONS PARMOFAB,3,permits-qc-2024-2026,YES
LES CONSTRUCTIONS JACQUES LANDRY,3,permits-qc-2024-2026,YES
AMÉNAGEMENT ST,3,permits-qc-2024-2026,YES
LES SERVICES PRIME,3,permits-qc-2024-2026,YES
BTL CONSTRUCTION INC.,3,permits-qc-2024-2026,YES
PRÉVAMAX INC.,3,permits-qc-2024-2026,YES
LES CONSTRUCTIONS TEAMBETON INC.,3,permits-qc-2024-2026,YES
PAVAGE SPINELLI INC.,3,permits-qc-2024-2026,YES
22 DEGRÉS GEOTHERMIX,3,permits-qc-2024-2026,YES
GROUPE JF PLUS INC,3,permits-qc-2024-2026,YES
PAVAGE G. LA ROCCA INC.,3,permits-qc-2024-2026,YES
22 DEGRÉS,3,permits-qc-2024-2026,YES
9111-0833,3,permits-qc-2024-2026,YES
GROUPE QUATRIMMO,3,permits-qc-2024-2026,YES
CONSTRUCTION ANDRÉ ST-PIERRE LTÉE,2,permits-qc-2024-2026,YES
ALUMINIUM ANDRE GAGNON,2,permits-qc-2024-2026,YES
PLACEMENTS PINA LTÉE,2,permits-qc-2024-2026,YES
IMMOBILIER TERADEV,2,permits-qc-2024-2026,YES
AFFICHAGE LAVAL,2,permits-qc-2024-2026,YES
LES VENTES MARGIL ALUMINIUM INC.,2,permits-qc-2024-2026,YES
9395-8692 QUÉBEC INC.,2,permits-qc-2024-2026,YES
QUÉDEV INC.,2,permits-qc-2024-2026,YES
GENEX,2,permits-qc-2024-2026,YES
9199-8708 QUÉBEC INC.,2,permits-qc-2024-2026,YES
CONCEPT IMMOBILIER MARSAN,2,permits-qc-2024-2026,YES
GROUPE UTOPIA INC.,2,permits-qc-2024-2026,YES
CONSTRUCTION M.A.T.S,2,permits-qc-2024-2026,YES
GROUPE BIMEX,2,permits-qc-2024-2026,YES
CONSTRUCTIONS SYLVAIN FOURNIER INC.,2,permits-qc-2024-2026,YES
CONSTRUCTION CLAUDE HAYES INC.,2,permits-qc-2024-2026,YES
NEJIB JABRALLAH,2,permits-qc-2024-2026,YES
LES HABITATIONS ROCHEFORT INC.,2,permits-qc-2024-2026,YES
DUQUETTE CONSTRUCTION LTÉE,2,permits-qc-2024-2026,YES
LES CHÂTEAUX DE L'ÉTANG INC.,2,permits-qc-2024-2026,YES
JSCO INC,2,permits-qc-2024-2026,YES
9375-5577 QUÉBEC INC.,2,permits-qc-2024-2026,YES
SOGENCO INC,2,permits-qc-2024-2026,YES
LES CONSTRUCTIONS TRIANGLE INC.,2,permits-qc-2024-2026,YES
BROCCOLINI CONSTRUCTION INC.,2,permits-qc-2024-2026,YES
DELSAN AIM INC.,2,permits-qc-2024-2026,YES
GRAPHIQC,2,permits-qc-2024-2026,YES
MAÎTRE PISCINIER MARIBEL,2,permits-qc-2024-2026,YES
LES ENTREPRISES RONALD BÉRARD,2,permits-qc-2024-2026,YES
GROUPE PRO CONCEPT,2,permits-qc-2024-2026,YES
AQUA MARE INC.,2,permits-qc-2024-2026,YES
CONSTRUCTION PASCAL BRIAND INC.,2,permits-qc-2024-2026,YES
SAJO INC.,2,permits-qc-2024-2026,YES
CONSTRUCTION RELIANCE DU CANADA LTÉE,2,permits-qc-2024-2026,YES
9211-8587 QUÉBEC INC.,2,permits-qc-2024-2026,YES
LES ENTREPRISES MIABEC INC.,2,permits-qc-2024-2026,YES
SM BEAUPRÉ INC.,2,permits-qc-2024-2026,YES
7970200 CANADA INC.,2,permits-qc-2024-2026,YES
DARCON ET CIE INC.,2,permits-qc-2024-2026,YES
CONSTRUCTION NOVATEK,2,permits-qc-2024-2026,YES
CBCM INC.,2,permits-qc-2024-2026,YES
RFC SINISTRE,2,permits-qc-2024-2026,YES
AMÉNAGEMENT PAYSAGISTE BEAU PAVÉ,2,permits-qc-2024-2026,YES
CLIMATISATION AP INC.,2,permits-qc-2024-2026,YES
EXPO CONCEPT,2,permits-qc-2024-2026,YES
CONSTRUCTION ARTIC BÉLUGA,2,permits-qc-2024-2026,YES
IMPRESSION 7 COULEURS,2,permits-qc-2024-2026,YES
GOUPE TÊTU,2,permits-qc-2024-2026,YES
RALVEC CONSTRUCTION INC.,2,permits-qc-2024-2026,YES
JANSEN INDUSTRIE,2,permits-qc-2024-2026,YES
RÉNOVATION RACO INC.,2,permits-qc-2024-2026,YES
CREATION DEZIGN PLUS,2,permits-qc-2024-2026,YES
DÉTAIL FINAL INC.,2,permits-qc-2024-2026,YES
BASTIUM CONSTRUCTION,2,permits-qc-2024-2026,YES
MG RÉNO-INSPECT,2,permits-qc-2024-2026,YES
ENTREPRISE TB INC,2,permits-qc-2024-2026,YES
CONSTRUCTION MORIVAL LTÉE,2,permits-qc-2024-2026,YES
HABITATION KB INC.,2,permits-qc-2024-2026,YES
MOTEURS ÉLECTRIQUES ET POMPES FABREVILLE,2,permits-qc-2024-2026,YES
NATLEX INC.,2,permits-qc-2024-2026,YES
AQUA INNOVATION INC.,2,permits-qc-2024-2026,YES
LES ENTREPRISES CHRISTIAN ARBOUR INC.,2,permits-qc-2024-2026,YES
CONSTRUCTION RAFI,2,permits-qc-2024-2026,YES
LES ENTREPRISES DELSOL QUÉBEC INC,2,permits-qc-2024-2026,YES
AMÉNAGEMENT DENIS & FILS INC.,2,permits-qc-2024-2026,YES
DELSOL,2,permits-qc-2024-2026,YES
MEGA GRAPHICS,2,permits-qc-2024-2026,YES
CONSTRUCTION BENEDICT,2,permits-qc-2024-2026,YES
EXCAVANICK,2,permits-qc-2024-2026,YES
GROUPE TDA CONSTRUCTION INC.,2,permits-qc-2024-2026,YES
PAYSAGISTE MOUNIR,2,permits-qc-2024-2026,YES
EXCAVATION CB INC.,2,permits-qc-2024-2026,YES
CORPORATION ICODEV INC.,2,permits-qc-2024-2026,YES
NVIRA ENVIRONNEMENT,2,permits-qc-2024-2026,YES
NEQ 1169751436,2,permits-qc-2024-2026,YES
AMÉNAGEMENT ET CONSTRUCTION MB INC,2,permits-qc-2024-2026,YES
9207-4434 QUÉBEC INC.,2,permits-qc-2024-2026,YES
R.A. GERMANO CONSTRUCTION LTÉE,2,permits-qc-2024-2026,YES
GILLES LAVOIE ET FILS,2,permits-qc-2024-2026,YES
COGIR CONSTRUCTION INC.,2,permits-qc-2024-2026,YES
S. DESORMIERS EXCAVATION,2,permits-qc-2024-2026,YES
LES CONSTRUCTIONS RAYMOND ET FILS,2,permits-qc-2024-2026,YES
9255-8220 QUÉBEC INC.,2,permits-qc-2024-2026,YES
GROUPE BÂTIMENT UNIVERSEL INC.,2,permits-qc-2024-2026,YES
R. LACOMBE ET FRÈRE DÉMOLITION INC.,2,permits-qc-2024-2026,YES
GROUPE IMMOBILIER DUMA INC.,2,permits-qc-2024-2026,YES
JEAN DENIS BOYER INC.,2,permits-qc-2024-2026,YES
EXCAVATION TRANSAT,2,permits-qc-2024-2026,YES
HABITATION HC INC,2,permits-qc-2024-2026,YES
SMS EXCAVATION DÉMOLITION,2,permits-qc-2024-2026,YES
CONSTRUCTION D'ORAZIO,2,permits-qc-2024-2026,YES
LES ENTREPRISES DANIEL BRÛLÉ INC.,2,permits-qc-2024-2026,YES
LES PAVAGES K.I.BON ET PAYSAGISTES LTÉE,2,permits-qc-2024-2026,YES
LES CONSTRUCTIONS LORACON INC.,2,permits-qc-2024-2026,YES
CHOC DÉMOLITION INC.,2,permits-qc-2024-2026,YES
LA BELLE VILLE,2,permits-qc-2024-2026,YES
CONSTRUCTION VERGO,2,permits-qc-2024-2026,YES
MICHAEL VALENTE ALMEIDA,2,permits-qc-2024-2026,YES
PAYSAGEMENT LALIBERTÉ,2,permits-qc-2024-2026,YES
TOP IMAGES MTL,2,permits-qc-2024-2026,YES
9278-6284 QUÉBEC INC.,2,permits-qc-2024-2026,YES
ENTREPRISE DUQUETTE,2,permits-qc-2024-2026,YES
LES INVESTISSEMENTS KENZA INC.,2,permits-qc-2024-2026,YES
DEMO SPER,2,permits-qc-2024-2026,YES
CONSTRUCTIONS SOCAM LTÉE,2,permits-qc-2024-2026,YES
CONSORTIUM M.R. CANADA LTÉE,2,permits-qc-2024-2026,YES
SV MORMINA,2,permits-qc-2024-2026,YES
SRIKANDAVEL SUTHARSINI,2,permits-qc-2024-2026,YES
GILLES MALO INC.,2,permits-qc-2024-2026,YES
BELMAX CONSTRUCTION,2,permits-qc-2024-2026,YES
GROUPE ROCK-SOL,2,permits-qc-2024-2026,YES
A VENIR,2,permits-qc-2024-2026,YES
GROUPE GENOIS,2,permits-qc-2024-2026,YES
TERRASSEMENT OPTIMUM,2,permits-qc-2024-2026,YES
PAVE BOISBRIAND,2,permits-qc-2024-2026,YES
9259-6899 QUÉBEC INC. (B2G CONSTRUCTION),2,permits-qc-2024-2026,YES
MAITRE PISCINIER MIRABEL,2,permits-qc-2024-2026,YES
CONSTRUCTION CAPSTONE INC.,2,permits-qc-2024-2026,YES
PAYSAGISTE LINEA VERDE,2,permits-qc-2024-2026,YES
GESTION CONSTRUCTION ADS INC.,2,permits-qc-2024-2026,YES
AMÉNAGEMENT PAYSAGER B.L.,2,permits-qc-2024-2026,YES
A.M. JOLY INC.,2,permits-qc-2024-2026,YES
EXCAVATION S. ALLARD,2,permits-qc-2024-2026,YES
2867-1451 QUÉBEC INC.,2,permits-qc-2024-2026,YES
GROUPE A1-9297-9236 QC INC.,2,permits-qc-2024-2026,YES
CONSTRUCTION BEAU-VAIN INC.,2,permits-qc-2024-2026,YES
EXCAVATION MI-LOU INC.,2,permits-qc-2024-2026,YES
LES BASSINS D'EAU CLAIRE INC.,2,permits-qc-2024-2026,YES
POLY-EXCAVATION INC.,2,permits-qc-2024-2026,YES
PALMA STUDIO,2,permits-qc-2024-2026,YES
NORVAL CONSTRUCTION INC.,2,permits-qc-2024-2026,YES
AFFICHAGE RIVE-NORD,2,permits-qc-2024-2026,YES
CONSTRUCTION CEKIC INC.,2,permits-qc-2024-2026,YES
ENTREPRENEUR GÉNÉRAL F.D. INC.,2,permits-qc-2024-2026,YES
7256302 CANADA INC.,2,permits-qc-2024-2026,YES
GROUPE STEVAC,2,permits-qc-2024-2026,YES
PAVAGES CHARTRAND INC.,2,permits-qc-2024-2026,YES
TWILIGHT,2,permits-qc-2024-2026,YES
VISION DEL HD INC,2,permits-qc-2024-2026,YES
ACE OF DECKS,2,permits-qc-2024-2026,YES
9461-2231 QUÉBEC INC.,2,permits-qc-2024-2026,YES
TISSEUR INC.,2,permits-qc-2024-2026,YES
FERME MARINEAU,2,permits-qc-2024-2026,YES
2440-0558 QUÉBEC INC,2,permits-qc-2024-2026,YES
DGRAPHX,2,permits-qc-2024-2026,YES
PAYSAGISTE ERIC FORGET,2,permits-qc-2024-2026,YES
SIG-NATURE,2,permits-qc-2024-2026,YES
CONSTRUCTION HUBALOCA INC.,2,permits-qc-2024-2026,YES
PAVAGE ALPHA,2,permits-qc-2024-2026,YES
CONSTRUCTION CEMTEC INC.,2,permits-qc-2024-2026,YES
CONSTRUCTION GARY BOTELHO,2,permits-qc-2024-2026,YES
CONSTRUCTION IRÉNÉE PAQUET ET FILS INC.,2,permits-qc-2024-2026,YES
BÉTON NEW LOOK,2,permits-qc-2024-2026,YES
RÉNOVATION SAMTOV,2,permits-qc-2024-2026,YES
JF LITHO,2,permits-qc-2024-2026,YES
2760-0543 QUÉBEC INC.,2,permits-qc-2024-2026,YES
LES ENTREPRENEURS BUCCARO,2,permits-qc-2024-2026,YES
PAVAGE MONTRÉAL,2,permits-qc-2024-2026,YES
SARAH GALARNEAU,2,permits-qc-2024-2026,YES
PAYSAGISTE MOUNIR INC.,2,permits-qc-2024-2026,YES
ROEXPERT.CA,2,permits-qc-2024-2026,YES
ZEN CONSTRUCTION INC.,2,permits-qc-2024-2026,YES
GROUPE PANORAMA,2,permits-qc-2024-2026,YES
A.M. DÉMOLITION INC.,2,permits-qc-2024-2026,YES
PAVAGE CHARTRAND INC.,2,permits-qc-2024-2026,YES
GROUPE PURE CONSTRUCTION,2,permits-qc-2024-2026,YES
SOLUTIONS MEDIA (9202 1385 QUÉBEC INC),2,permits-qc-2024-2026,YES
GESTION F. MENTONE INC.,2,permits-qc-2024-2026,YES
CAC CONSTRUCTION INC.,2,permits-qc-2024-2026,YES
DURASEAL,2,permits-qc-2024-2026,YES
EXCAVATION MOTTILLO ET FILS,2,permits-qc-2024-2026,YES
SP INTERNATIONAL ET FILS INC.,2,permits-qc-2024-2026,YES
LES ENTREPRISES INTERNATIONAL,2,permits-qc-2024-2026,YES
LE VALLON PAYSAGISTE,2,permits-qc-2024-2026,YES
SDC LES BERGES LÉVESQUES,2,permits-qc-2024-2026,YES
GROUPE DAICON INC.,2,permits-qc-2024-2026,YES
9115-7883 QC.INC,2,permits-qc-2024-2026,YES
EXCAVATION NORMAND LAVOIE,2,permits-qc-2024-2026,YES
